{"hotspotdatas":["{\"start_time\":4.603955997804663,\"end_time\":243.57595825195313,\"name\":\"table\",\"worldPosition\":{\"x\":20.065420150756837,\"y\":-2.543545722961426,\"z\":1.0016961097717286},\"rot\":{\"x\":0.7230845093727112,\"y\":-0.043371882289648059,\"z\":-0.6878874897956848,\"w\":-0.0455910861492157}}"]}