{"cameraMode":{"drawMode":0,"name":"Shaded","section":"Shading Mode"},"sceneLighting":true,"audioPlay":false,"sceneViewState":{"showFog":true,"showMaterialUpdate":false,"showSkybox":true,"showFlares":true,"showImageEffects":true,"showParticleSystems":true},"in2DMode":false,"pivot":{"x":0.2054090052843094,"y":0.0000010457694088472636,"z":-0.000308990478515625},"rotation":{"x":-2.2909508956558967e-8,"y":0.002999995369464159,"z":2.330579063070104e-10,"w":0.9999954104423523},"size":21.0538272857666,"orthographic":false}